Years,Status,Percentage_of_Points_TPs
1980-1989,Champion,2.8310532172546994
1980-1989,Runner Up,3.6565059299282985
1990-1999,Champion,15.74839571799879
1990-1999,Runner Up,13.46900974918052
2000-2009,Champion,19.967833170673412
2000-2009,Runner Up,17.44721037720214
2010-2017,Champion,27.86126694238566
2010-2017,Runner Up,27.61108277671608
