Years,Status,Average_PTS
1980-1989,Champion,109.12142857142857
1980-1989,Runner Up,105.09642857142858
1990-1999,Champion,97.28428571428574
1990-1999,Runner Up,92.93821428571432
2000-2009,Champion,95.63238095238096
2000-2009,Runner Up,90.50976190476193
2010-2017,Champion,101.75416666666666
2010-2017,Runner Up,96.86845238095238
