Years,Status,Average_Attempted_Threes
1980-1989,Champion,3.574999999999999
1980-1989,Runner Up,4.383333333333333
1990-1999,Champion,14.65857142857143
1990-1999,Runner Up,13.406666666666666
2000-2009,Champion,16.39357142857143
2000-2009,Runner Up,16.99809523809523
2010-2017,Champion,24.451190476190487
2010-2017,Runner Up,25.126785714285713
