Years,Status,Two_Point_FGP
1980-1989,Champion,49.91353649893693
1980-1989,Runner Up,47.98765133516381
1990-1999,Champion,48.563267973376306
1990-1999,Runner Up,46.79505873937325
2000-2009,Champion,47.2850714960529
2000-2009,Runner Up,45.36429751438389
2010-2017,Champion,49.315939156289076
2010-2017,Runner Up,48.12845828360641
